"Data","Último","Abertura","Máxima","Mínima","Vol.","Var%"
"03.10.2025","106,28","106,47","106,48","105,85","23,62K","0,10%"
"02.10.2025","106,17","107,10","107,56","105,72","55,59K","-0,61%"
"01.10.2025","106,82","107,99","108,48","106,62","31,85K","-0,62%"
"30.09.2025","107,49","107,51","108,17","107,00","80,15K","0,43%"
"29.09.2025","107,03","108,00","108,00","107,03","28,57K","0,25%"
"26.09.2025","106,76","106,61","107,04","106,35","16,79K","0,29%"
"25.09.2025","106,45","107,19","107,39","106,30","37,89K","-1,04%"
"24.09.2025","107,57","107,61","107,93","107,36","39,60K","-0,04%"
"23.09.2025","107,61","106,67","107,91","106,50","43,85K","1,01%"
"22.09.2025","106,53","106,60","106,60","105,71","19,91K","-0,12%"
"19.09.2025","106,66","106,89","107,09","106,60","30,84K","0,04%"
"18.09.2025","106,62","106,79","106,95","106,24","50,33K","-0,31%"
"17.09.2025","106,95","106,20","107,11","105,59","60,81K","1,70%"
"16.09.2025","105,16","105,86","106,00","105,16","113,77K","0,03%"
"15.09.2025","105,13","105,09","105,80","105,02","117,59K","0,36%"
"12.09.2025","104,75","104,73","105,22","104,62","43,18K","-0,50%"
"11.09.2025","105,28","105,20","105,84","104,90","102,01K","0,29%"
"10.09.2025","104,98","104,62","105,62","104,62","76,39K","0,24%"
"09.09.2025","104,73","104,61","104,98","104,39","25,93K","0,11%"
"08.09.2025","104,61","105,02","105,09","103,85","234,00K","-0,01%"
"05.09.2025","104,62","104,55","105,28","104,12","89,20K","0,64%"
"04.09.2025","103,95","102,91","104,10","102,82","145,69K","1,20%"
"03.09.2025","102,72","103,51","103,51","102,63","28,56K","-0,56%"
"02.09.2025","103,30","103,79","103,79","102,83","27,00K","-0,59%"
"01.09.2025","103,91","104,95","104,95","103,79","25,14K","-0,62%"
"29.08.2025","104,56","104,00","104,99","103,40","57,71K","0,57%"
"28.08.2025","103,97","103,99","104,80","103,20","82,02K","0,87%"
"27.08.2025","103,07","101,77","103,07","101,77","26,23K","0,86%"
"26.08.2025","102,19","101,95","102,28","101,56","23,45K","0,26%"
"25.08.2025","101,93","102,43","102,51","101,84","38,20K","0,18%"
"22.08.2025","101,75","100,09","102,00","99,50","389,26K","2,36%"
"21.08.2025","99,40","99,75","100,02","99,11","23,38K","-0,46%"
"20.08.2025","99,86","99,51","99,91","99,12","14,50K","0,35%"
"19.08.2025","99,51","100,57","101,00","99,16","126,91K","-1,63%"
"18.08.2025","101,16","100,58","101,65","100,58","84,80K","0,76%"
"15.08.2025","100,40","100,90","100,90","100,03","179,69K","0,04%"
"14.08.2025","100,36","100,10","101,27","99,84","57,12K","-0,04%"
"13.08.2025","100,40","101,20","101,62","100,37","90,08K","-1,10%"
"12.08.2025","101,52","101,21","101,77","100,99","78,75K","1,28%"
"11.08.2025","100,24","100,27","100,80","100,06","227,82K","0,12%"
"08.08.2025","100,12","100,70","100,83","100,00","107,97K","-0,22%"
"07.08.2025","100,34","100,00","100,89","99,51","31,38K","0,86%"
"06.08.2025","99,48","99,43","100,11","99,25","88,38K","0,73%"
"05.08.2025","98,76","98,74","99,35","98,26","36,79K","0,02%"
"04.08.2025","98,74","99,25","99,91","98,20","16,85K","0,12%"
"01.08.2025","98,62","99,75","100,20","98,45","21,84K","-0,51%"
"31.07.2025","99,13","98,70","99,54","98,29","53,36K","-0,58%"
"30.07.2025","99,71","98,92","100,10","98,49","23,81K","0,67%"
"29.07.2025","99,05","98,84","99,28","98,42","29,87K","0,49%"
"28.07.2025","98,57","99,70","99,70","98,17","46,07K","-1,10%"
"25.07.2025","99,67","99,73","99,89","99,31","77,24K","0,10%"
"24.07.2025","99,57","99,90","99,93","99,40","61,37K","-1,00%"
"23.07.2025","100,58","99,00","100,78","99,00","107,50K","1,32%"
"22.07.2025","99,27","99,85","100,26","99,03","832,94K","-0,27%"
"21.07.2025","99,54","98,87","99,98","98,87","1,07M","0,71%"
"18.07.2025","98,84","99,57","99,81","98,62","77,58K","-1,22%"
"17.07.2025","100,06","100,28","100,45","99,65","259,18K","-0,22%"
"16.07.2025","100,28","100,45","100,45","99,42","36,20K","-0,11%"
"15.07.2025","100,39","100,44","100,91","99,71","92,64K","-0,06%"
"14.07.2025","100,45","100,75","100,87","100,10","20,36K","-0,64%"
"11.07.2025","101,10","101,46","101,52","100,48","138,35K","-0,35%"
"10.07.2025","101,46","100,50","101,73","99,97","49,63K","-0,09%"
"09.07.2025","101,55","102,70","102,81","101,29","122,26K","-1,42%"
"08.07.2025","103,01","103,14","103,18","102,39","16,56K","0,05%"
"07.07.2025","102,96","104,40","104,52","102,96","29,45K","-1,24%"
"04.07.2025","104,25","104,24","104,49","103,91","34,99K","0,02%"
"03.07.2025","104,23","102,65","104,31","102,05","37,24K","1,63%"
"02.07.2025","102,56","102,98","102,98","102,01","50,55K","0,01%"
"01.07.2025","102,55","102,19","102,58","102,02","107,25K","0,61%"
"30.06.2025","101,93","100,59","102,19","100,30","53,73K","1,54%"
"27.06.2025","100,38","100,40","100,76","100,30","43,72K","-0,53%"
"26.06.2025","100,91","100,22","100,91","100,10","15,56K","1,25%"
"25.06.2025","99,66","100,20","100,20","99,59","51,03K","-0,90%"
"24.06.2025","100,57","100,72","101,48","100,33","39,53K","-0,08%"
"23.06.2025","100,65","100,61","100,95","100,09","63,00K","-0,31%"
"20.06.2025","100,96","101,55","101,55","100,62","35,45K","-0,87%"
"18.06.2025","101,85","102,01","102,45","101,59","140,31K","-0,27%"
"17.06.2025","102,13","101,82","102,27","101,52","41,21K","0,30%"
"16.06.2025","101,82","101,74","102,41","101,01","33,55K","1,07%"
"13.06.2025","100,74","102,50","102,50","100,10","132,40K","-0,19%"
"12.06.2025","100,93","99,65","101,10","99,53","21,76K","0,63%"
"11.06.2025","100,30","99,50","100,53","99,30","73,85K","0,40%"
"10.06.2025","99,90","100,43","100,43","99,64","22,75K","0,41%"
"09.06.2025","99,49","99,00","99,68","98,30","445,49K","0,10%"
"06.06.2025","99,39","99,70","100,16","99,02","171,76K","-0,18%"
"05.06.2025","99,57","100,02","100,40","99,26","21,70K","-0,45%"
"04.06.2025","100,02","101,08","101,90","99,79","118,86K","-0,67%"
"03.06.2025","100,69","100,00","100,72","99,58","45,51K","0,80%"
"02.06.2025","99,89","100,40","101,45","99,70","33,40K","-0,49%"
"30.05.2025","100,38","101,45","101,45","100,02","89,71K","-1,04%"
"29.05.2025","101,44","101,80","101,80","101,00","29,22K","-0,09%"
"28.05.2025","101,53","101,90","101,95","101,22","21,92K","-0,46%"
"27.05.2025","102,00","102,00","102,44","101,78","124,34K","0,83%"
"26.05.2025","101,16","101,00","101,48","100,73","19,54K","0,32%"
"23.05.2025","100,84","99,37","100,84","98,81","33,31K","0,57%"
"22.05.2025","100,27","101,01","101,33","100,09","193,31K","-0,76%"
"21.05.2025","101,04","101,90","102,44","100,65","113,30K","-1,26%"
"20.05.2025","102,33","101,40","102,33","101,20","247,73K","0,81%"
"19.05.2025","101,51","101,38","101,73","100,75","130,09K","0,13%"
"16.05.2025","101,38","100,80","101,38","100,31","190,72K","-0,24%"
"15.05.2025","101,62","100,60","101,69","100,60","132,76K","0,97%"
"14.05.2025","100,64","100,36","100,83","100,21","148,52K","0,02%"
"13.05.2025","100,62","99,30","100,69","99,20","113,70K","1,33%"
"12.05.2025","99,30","100,00","100,00","98,73","121,37K","-0,24%"
"09.05.2025","99,54","99,30","99,70","99,10","138,82K","0,44%"
"08.05.2025","99,10","99,01","99,99","98,51","187,67K","1,54%"
"07.05.2025","97,60","98,00","98,00","97,20","56,91K","0,06%"
"06.05.2025","97,54","97,70","97,98","97,31","131,45K","0,17%"
"05.05.2025","97,37","98,70","98,74","97,24","42,56K","-1,19%"
"02.05.2025","98,54","99,00","99,32","98,15","42,41K","-0,46%"
"30.04.2025","99,00","97,85","99,00","97,85","119,68K","0,53%"
"29.04.2025","98,48","98,47","99,36","98,37","113,14K","0,02%"
"28.04.2025","98,46","98,60","99,00","98,32","56,22K","-0,14%"
"25.04.2025","98,60","98,06","98,71","98,06","53,21K","0,55%"
"24.04.2025","98,06","96,90","98,35","96,84","706,82K","1,26%"
"23.04.2025","96,84","95,98","97,23","95,56","73,30K","1,79%"
"22.04.2025","95,14","94,80","95,48","94,26","698,46K","0,33%"
"17.04.2025","94,83","94,72","95,09","94,00","508,07K","0,51%"
"16.04.2025","94,35","93,81","94,96","93,81","58,13K","-0,19%"
"15.04.2025","94,53","94,78","95,02","94,28","138,30K","-0,26%"
"14.04.2025","94,78","94,58","95,10","93,89","473,91K","1,37%"
"11.04.2025","93,50","92,62","93,88","92,19","95,54K","1,11%"
"10.04.2025","92,47","93,69","96,00","91,73","423,68K","-1,30%"
"09.04.2025","93,69","90,85","94,70","90,68","275,84K","2,62%"
"08.04.2025","91,30","93,29","93,71","90,98","77,89K","-0,91%"
"07.04.2025","92,14","92,85","93,98","91,21","264,63K","-1,76%"
"04.04.2025","93,79","94,89","94,89","93,03","78,49K","-2,27%"
"03.04.2025","95,97","95,70","96,70","95,33","119,41K","0,18%"
"02.04.2025","95,80","95,91","96,47","95,50","103,10K","-0,30%"
"01.04.2025","96,09","95,30","96,76","95,14","73,82K","0,91%"
"31.03.2025","95,22","95,89","96,12","95,22","48,59K","-1,51%"
"28.03.2025","96,68","97,16","97,39","96,26","24,88K","-0,75%"
"27.03.2025","97,41","97,28","97,87","97,02","218,44K","0,36%"
"26.03.2025","97,06","96,79","97,24","96,69","80,86K","0,38%"
"25.03.2025","96,69","96,50","97,54","96,34","40,83K","0,34%"
"24.03.2025","96,36","96,90","97,07","96,23","33,13K","-0,71%"
"21.03.2025","97,05","96,68","97,05","96,39","231,49K","0,29%"
"20.03.2025","96,77","96,44","97,16","96,30","49,91K","0,58%"
"19.03.2025","96,21","96,53","97,27","96,20","250,98K","0,01%"
"18.03.2025","96,20","95,81","96,44","95,55","274,97K","0,62%"
"17.03.2025","95,61","94,76","95,97","94,40","191,58K","0,96%"
"14.03.2025","94,70","92,78","95,56","92,67","642,21K","2,62%"
"13.03.2025","92,28","91,31","92,28","90,85","153,94K","1,47%"
"12.03.2025","90,94","91,24","91,24","90,42","36,76K","0,18%"
"11.03.2025","90,78","92,00","92,01","90,40","191,70K","-1,11%"
"10.03.2025","91,80","92,17","92,17","91,00","33,88K","-0,72%"
"07.03.2025","92,47","91,20","92,97","90,63","53,30K","1,34%"
"06.03.2025","91,25","91,03","91,79","90,49","135,89K","0,24%"
"05.03.2025","91,03","90,89","91,19","90,50","45,74K","-0,88%"
"28.02.2025","91,84","91,46","91,85","90,23","51,43K","0,21%"
"27.02.2025","91,65","91,99","92,22","91,55","32,57K","-0,38%"
"26.02.2025","92,00","93,55","93,73","92,00","56,01K","-0,67%"
"25.02.2025","92,62","92,98","93,16","92,50","325,17K","0,26%"
"24.02.2025","92,38","93,45","93,79","92,23","23,21K","-0,75%"
"21.02.2025","93,08","93,35","93,55","92,70","111,11K","-0,29%"
"20.02.2025","93,35","94,00","94,00","93,01","24,30K","-0,27%"
"19.02.2025","93,60","94,50","94,50","93,50","111,32K","-0,97%"
"18.02.2025","94,52","94,30","94,83","92,43","62,64K","0,29%"
"17.02.2025","94,25","94,54","94,90","94,01","96,45K","0,33%"
"14.02.2025","93,94","92,20","94,34","92,20","962,93K","2,08%"
"13.02.2025","92,03","91,63","92,03","91,24","428,72K","0,25%"
"12.02.2025","91,80","92,77","93,44","91,55","363,64K","-1,77%"
"11.02.2025","93,45","92,80","93,54","92,50","23,77K","0,75%"
"10.02.2025","92,75","92,38","93,04","92,16","30,86K","1,09%"
"07.02.2025","91,75","92,88","93,11","91,64","88,99K","-1,13%"
"06.02.2025","92,80","92,40","93,06","91,91","34,79K","0,34%"
"05.02.2025","92,49","92,40","92,63","91,74","139,28K","0,14%"
"04.02.2025","92,36","92,80","92,81","92,00","135,92K","-0,82%"
"03.02.2025","93,12","92,85","93,23","92,57","531,83K","0,15%"
"31.01.2025","92,98","93,20","94,00","92,88","195,32K","-0,12%"
"30.01.2025","93,09","91,30","93,50","91,30","78,79K","2,02%"
"29.01.2025","91,25","92,20","92,23","91,05","48,98K","-0,54%"
"28.01.2025","91,75","91,86","92,25","91,45","459,30K","-0,07%"
"27.01.2025","91,81","89,80","92,22","89,75","111,65K","2,22%"
"24.01.2025","89,82","90,00","90,19","89,72","147,16K","-0,20%"
"23.01.2025","90,00","90,48","90,85","89,75","71,04K","-0,06%"
"22.01.2025","90,05","90,50","90,65","89,97","77,47K","-0,19%"
"21.01.2025","90,22","89,80","90,42","89,51","48,42K","0,38%"
"20.01.2025","89,88","89,53","90,16","89,02","89,94K","0,49%"
"17.01.2025","89,44","88,92","89,90","88,60","45,79K","0,93%"
"16.01.2025","88,62","89,77","89,96","88,50","595,11K","-1,28%"
"15.01.2025","89,77","88,43","90,00","88,40","334,04K","2,02%"
"14.01.2025","87,99","87,45","88,17","87,02","165,09K","0,62%"
"13.01.2025","87,45","87,62","88,11","87,35","701,05K","-0,19%"
"10.01.2025","87,62","88,15","88,44","87,41","126,27K","-0,60%"
"09.01.2025","88,15","88,29","88,54","88,00","49,17K","-0,08%"
"08.01.2025","88,22","90,00","90,44","88,20","277,80K","-1,46%"
"07.01.2025","89,53","89,31","90,52","89,28","274,87K","0,58%"
"06.01.2025","89,01","88,95","89,17","88,49","239,85K","0,91%"
"03.01.2025","88,21","89,26","89,63","88,06","95,85K","-1,42%"
"02.01.2025","89,48","89,88","90,06","88,80","113,06K","-0,66%"
"30.12.2024","90,07","89,88","90,29","89,54","105,92K","0,30%"
"27.12.2024","89,80","90,56","90,85","89,51","258,58K","-0,61%"
"26.12.2024","90,35","90,15","90,50","89,63","112,39K","0,22%"
"23.12.2024","90,15","91,22","91,22","90,01","190,74K","-1,17%"
"20.12.2024","91,22","92,00","92,00","90,40","244,24K","0,13%"
"19.12.2024","91,10","91,50","91,60","90,70","349,86K","0,44%"
"18.12.2024","90,70","93,50","93,50","90,64","232,58K","-3,05%"
"17.12.2024","93,55","93,60","94,33","92,94","401,79K","0,52%"
"16.12.2024","93,07","93,29","93,73","92,60","352,04K","-0,24%"
"13.12.2024","93,29","94,30","94,81","93,29","108,34K","-1,50%"
"12.12.2024","94,71","95,56","95,80","94,16","165,37K","-2,06%"
"11.12.2024","96,70","96,35","97,61","95,31","261,21K","0,36%"
"10.12.2024","96,35","95,93","96,50","95,66","596,19K","0,71%"
"09.12.2024","95,67","95,25","95,75","95,04","119,93K","1,43%"
"06.12.2024","94,32","95,61","95,61","94,32","54,60K","-1,35%"
"05.12.2024","95,61","95,11","95,73","95,10","83,87K","0,94%"
"04.12.2024","94,72","94,72","94,92","94,46","190,49K","-0,09%"
"03.12.2024","94,81","94,11","94,81","94,11","119,75K","0,74%"
"02.12.2024","94,11","94,15","94,22","93,55","473,94K","-0,28%"
"29.11.2024","94,37","93,00","94,37","92,70","453,14K","1,47%"
"28.11.2024","93,00","94,50","94,50","92,86","191,86K","-1,85%"
"27.11.2024","94,75","96,00","96,00","94,49","156,22K","-0,70%"
"26.11.2024","95,42","95,54","95,81","95,20","125,48K","0,26%"
"25.11.2024","95,17","94,50","95,32","94,50","61,80K","0,23%"
"22.11.2024","94,95","93,82","94,95","93,55","594,31K","1,50%"
"21.11.2024","93,55","93,70","94,20","93,35","73,36K","-0,99%"
"19.11.2024","94,49","93,71","94,49","93,47","20,03K","0,62%"
"18.11.2024","93,91","93,70","94,24","93,47","52,65K","0,22%"
"14.11.2024","93,70","93,20","94,25","93,00","57,03K","0,70%"
"13.11.2024","93,05","93,48","93,48","92,75","52,37K","-0,12%"
"12.11.2024","93,16","94,40","94,40","93,16","54,53K","-1,16%"
"11.11.2024","94,25","93,80","94,26","93,55","39,26K","0,32%"
"08.11.2024","93,95","94,40","94,40","93,31","64,00K","-1,05%"
"07.11.2024","94,95","95,00","95,95","94,72","89,41K","-0,26%"
"06.11.2024","95,20","94,49","95,35","93,61","202,33K","0,51%"
"05.11.2024","94,72","95,00","95,16","94,28","89,95K","-0,03%"
"04.11.2024","94,75","94,65","95,03","94,16","77,61K","0,99%"
"01.11.2024","93,82","94,84","94,84","93,56","88,31K","-0,71%"
"31.10.2024","94,49","94,90","95,14","94,29","12,99K","-0,33%"
"30.10.2024","94,80","94,50","95,17","94,50","33,38K","0,40%"
"29.10.2024","94,42","95,27","95,68","94,42","91,05K","-0,82%"
"28.10.2024","95,20","94,72","95,20","94,72","36,48K","0,79%"
"25.10.2024","94,45","94,26","94,61","94,16","605,93K","0,27%"
"24.10.2024","94,20","93,67","94,25","93,40","93,05K","0,43%"
"23.10.2024","93,80","93,40","93,80","93,34","41,56K","-0,50%"
"22.10.2024","94,27","93,89","94,27","93,67","51,77K","-0,39%"
"21.10.2024","94,64","95,10","95,10","94,44","34,37K","-0,12%"
"18.10.2024","94,75","95,19","95,40","94,34","30,61K","0,19%"
"17.10.2024","94,57","94,30","94,62","93,55","84,08K","-0,21%"
"16.10.2024","94,77","94,27","95,35","94,27","30,01K","0,56%"
"15.10.2024","94,24","94,56","94,61","93,89","35,54K","-0,43%"
"14.10.2024","94,65","94,00","94,65","93,65","139,81K","0,77%"
"11.10.2024","93,93","94,35","94,49","93,63","42,90K","-0,45%"
"10.10.2024","94,35","94,37","94,90","94,24","64,33K","-0,02%"
"09.10.2024","94,37","94,75","94,96","94,27","46,64K","-0,92%"
"08.10.2024","95,25","95,80","95,80","94,88","31,63K","-1,01%"
"07.10.2024","96,22","96,28","96,57","95,70","101,82K","0,19%"
"04.10.2024","96,04","96,20","96,20","95,61","30,55K","-0,18%"
"03.10.2024","96,21","96,77","96,78","95,80","27,06K","-1,32%"
"02.10.2024","97,50","96,80","98,17","96,80","167,90K","0,94%"
"01.10.2024","96,59","96,21","97,07","96,21","38,41K","0,46%"
"30.09.2024","96,15","96,39","96,93","95,93","40,01K","-0,25%"
"27.09.2024","96,39","96,45","97,15","96,24","83,40K","0,09%"
"26.09.2024","96,30","95,70","96,84","95,70","12,19K","0,89%"
"25.09.2024","95,45","96,00","96,23","95,42","58,40K","-0,66%"
"24.09.2024","96,08","95,35","96,08","95,35","30,71K","1,52%"
"23.09.2024","94,64","94,30","94,80","93,98","56,57K","-0,07%"
"20.09.2024","94,71","96,00","96,00","94,39","30,85K","-1,40%"
"19.09.2024","96,05","96,50","97,37","95,95","20,19K","-0,23%"
"18.09.2024","96,27","96,85","97,33","96,24","74,49K","-0,94%"
"17.09.2024","97,18","97,49","97,62","96,98","74,79K","-0,38%"
"16.09.2024","97,55","97,20","97,79","97,20","17,34K","0,43%"
"13.09.2024","97,13","96,73","97,87","96,73","24,81K","0,52%"
"12.09.2024","96,63","97,47","97,47","96,30","45,02K","-0,12%"
"11.09.2024","96,75","97,20","97,50","96,57","131,00K","-0,28%"
"10.09.2024","97,02","96,92","97,15","96,35","149,00K","0,01%"
"09.09.2024","97,01","97,30","97,48","97,01","269,17K","-0,30%"
"06.09.2024","97,30","97,58","98,04","96,99","34,94K","-0,41%"
"05.09.2024","97,70","97,58","97,99","97,51","27,39K","-0,18%"
"04.09.2024","97,88","96,45","98,00","96,45","38,82K","1,48%"
"03.09.2024","96,45","97,05","97,05","96,19","15,04K","-0,26%"
"02.09.2024","96,70","96,60","96,70","96,02","81,35K","0,10%"
"30.08.2024","96,60","96,39","96,85","95,85","14,42K","0,04%"
"29.08.2024","96,56","96,54","96,79","95,98","20,47K","-0,19%"
"28.08.2024","96,74","95,63","96,87","95,41","26,33K","0,42%"
"27.08.2024","96,34","96,83","96,97","96,20","29,39K","-0,51%"
"26.08.2024","96,83","96,68","96,93","96,34","163,89K","0,39%"
"23.08.2024","96,45","95,99","96,86","95,99","135,52K","0,88%"
"22.08.2024","95,61","96,45","96,51","95,48","10,35K","-1,08%"
"21.08.2024","96,65","96,20","98,30","96,18","39,42K","0,57%"
"20.08.2024","96,10","95,98","96,16","95,47","37,26K","0,58%"
"19.08.2024","95,55","94,50","95,91","94,21","47,74K","1,43%"
"16.08.2024","94,20","94,40","94,63","93,96","20,10K","-0,21%"
"15.08.2024","94,40","94,42","94,90","93,94","51,92K","-0,16%"
"14.08.2024","94,55","93,27","94,70","93,20","267,36K","1,78%"
"13.08.2024","92,90","92,80","93,75","92,78","244,28K","0,38%"
"12.08.2024","92,55","92,23","92,82","91,99","115,35K","0,49%"
"09.08.2024","92,10","91,45","92,10","90,86","84,99K","1,26%"
"08.08.2024","90,95","90,30","91,03","90,06","22,51K","0,65%"
"07.08.2024","90,36","91,00","91,00","89,98","47,29K","0,51%"
"06.08.2024","89,90","89,60","90,51","89,20","49,40K","0,33%"
"05.08.2024","89,60","88,61","89,99","87,56","38,90K","0,09%"
"02.08.2024","89,52","90,85","91,23","89,52","36,30K","-1,46%"
"01.08.2024","90,85","90,71","91,44","90,57","44,31K","-0,06%"
"31.07.2024","90,90","90,60","90,95","90,34","17,64K","0,89%"
"30.07.2024","90,10","90,47","90,47","90,00","18,66K","-0,61%"
"29.07.2024","90,65","90,80","90,80","90,00","18,04K","0,17%"
"26.07.2024","90,50","90,41","90,87","90,01","93,56K","0,31%"
"25.07.2024","90,22","90,40","90,51","89,93","74,21K","-0,32%"
"24.07.2024","90,51","90,70","91,04","90,35","32,54K","-0,39%"
"23.07.2024","90,86","91,98","91,98","90,66","29,60K","-1,51%"
"22.07.2024","92,25","91,40","92,25","91,40","31,92K","1,01%"
"19.07.2024","91,33","92,11","92,20","91,23","7,01K","-0,64%"
"18.07.2024","91,92","93,15","93,16","91,89","29,87K","-1,32%"
"17.07.2024","93,15","92,44","94,17","92,44","61,75K","0,49%"
"16.07.2024","92,70","92,00","92,85","92,00","16,01K","0,60%"
"15.07.2024","92,15","92,00","92,50","91,69","10,13K","-0,05%"
"12.07.2024","92,20","91,71","92,35","91,58","40,03K","0,60%"
"11.07.2024","91,65","91,10","92,00","91,09","97,81K","1,03%"
"10.07.2024","90,72","90,81","91,03","90,58","38,74K","0,19%"
"09.07.2024","90,55","90,30","90,84","90,05","27,33K","0,28%"
"08.07.2024","90,30","90,30","90,53","89,89","19,87K","0,10%"
"05.07.2024","90,21","90,40","90,94","90,01","36,67K","-0,21%"
"04.07.2024","90,40","90,23","90,76","90,23","101,82K","0,50%"
"03.07.2024","89,95","90,14","90,98","89,90","157,69K","0,45%"
"02.07.2024","89,55","89,22","89,89","89,07","53,70K","0,45%"
"01.07.2024","89,15","89,06","89,70","89,03","25,56K","0,25%"
"28.06.2024","88,93","89,38","89,80","88,67","20,51K","-0,13%"
"27.06.2024","89,05","88,50","89,37","88,46","122,77K","0,85%"
"26.06.2024","88,30","88,38","88,69","87,64","33,49K","0,11%"
"25.06.2024","88,20","88,35","88,63","88,03","57,01K","-0,17%"
"24.06.2024","88,35","87,70","88,72","87,70","233,07K","0,81%"
"21.06.2024","87,64","87,40","87,71","86,84","66,92K","0,74%"
"20.06.2024","87,00","86,87","87,48","86,69","87,88K","0,87%"
"19.06.2024","86,25","85,84","86,40","85,32","72,89K","0,52%"
"18.06.2024","85,80","85,20","86,20","85,05","17,36K","0,47%"
"17.06.2024","85,40","85,44","85,71","84,98","202,54K","-0,18%"
"14.06.2024","85,55","85,65","86,00","85,00","51,30K","-0,18%"
"13.06.2024","85,70","85,82","86,25","85,50","278,65K","0,00%"
"12.06.2024","85,70","87,55","87,55","82,51","62,77K","-1,15%"
"11.06.2024","86,70","85,91","86,95","85,90","22,41K","0,93%"
"10.06.2024","85,90","86,50","86,93","85,85","15,64K","-0,46%"
"07.06.2024","86,30","86,90","87,35","86,17","145,07K","-1,48%"
"06.06.2024","87,60","87,20","88,14","86,85","399,23K","0,86%"
"05.06.2024","86,85","87,20","87,75","86,85","1,02M","-0,40%"
"04.06.2024","87,20","87,25","87,37","86,69","789,15K","-0,13%"
"03.06.2024","87,31","87,50","87,60","86,95","79,78K","-0,35%"
"31.05.2024","87,62","88,14","88,30","87,08","624,93K","-0,58%"
"29.05.2024","88,13","88,50","88,60","87,80","16,17K","-0,42%"
"28.05.2024","88,50","89,20","89,70","88,50","47,48K","-0,71%"
"27.05.2024","89,13","89,49","89,78","88,75","18,91K","0,20%"
"24.05.2024","88,95","89,53","89,57","88,95","52,45K","-0,34%"
"23.05.2024","89,25","89,71","89,72","88,88","45,82K","-0,80%"
"22.05.2024","89,97","90,85","90,85","89,76","558,96K","-0,86%"
"21.05.2024","90,75","91,00","91,07","90,49","35,66K","0,17%"
"20.05.2024","90,60","90,08","90,75","89,95","12,09K","0,11%"
"17.05.2024","90,50","90,72","90,83","90,27","303,69K","-0,11%"
"16.05.2024","90,60","91,05","91,12","90,53","25,52K","0,00%"
"15.05.2024","90,60","89,60","90,67","89,47","57,56K","0,22%"
"14.05.2024","90,40","90,00","90,55","90,00","13,16K","0,44%"
"13.05.2024","90,00","89,66","90,30","89,66","11,57K","0,77%"
"10.05.2024","89,31","89,98","90,20","89,14","9,94K","-0,82%"
"09.05.2024","90,05","90,06","90,12","89,38","40,54K","-0,88%"
"08.05.2024","90,85","90,18","91,07","89,79","13,71K","0,44%"
"07.05.2024","90,45","91,31","91,40","90,45","229,74K","-0,28%"
"06.05.2024","90,70","91,10","91,42","90,70","242,60K","-0,44%"
"03.05.2024","91,10","90,67","91,98","90,67","207,80K","1,56%"
"02.05.2024","89,70","89,00","90,10","88,93","14,00K","1,56%"
"30.04.2024","88,32","88,83","89,00","88,01","350,34K","-0,37%"
"29.04.2024","88,65","88,18","88,80","88,08","8,61K","0,72%"
"26.04.2024","88,02","87,70","88,47","87,48","9,87K","1,17%"
"25.04.2024","87,00","87,56","87,77","87,00","20,72K","-0,80%"
"24.04.2024","87,70","88,50","88,90","87,60","8,40K","-0,34%"
"23.04.2024","88,00","88,65","88,68","87,78","30,84K","-1,35%"
"22.04.2024","89,20","88,95","89,45","88,21","25,34K","0,34%"
"19.04.2024","88,90","88,09","88,90","87,86","35,14K","1,13%"
"18.04.2024","87,91","87,71","88,48","87,37","32,34K","-0,09%"
"17.04.2024","87,99","87,73","88,50","87,71","13,54K","0,32%"
"16.04.2024","87,71","87,75","88,19","87,27","18,88K","-1,18%"
"15.04.2024","88,76","88,10","89,07","88,10","15,69K","0,75%"
"12.04.2024","88,10","89,82","90,29","88,08","74,81K","-1,42%"
"11.04.2024","89,37","89,75","89,80","89,37","28,30K","-0,42%"
"10.04.2024","89,75","90,88","90,88","89,70","32,39K","-1,37%"
"09.04.2024","91,00","90,44","91,00","90,02","81,79K","0,83%"
"08.04.2024","90,25","89,05","90,36","89,05","36,95K","1,46%"
"05.04.2024","88,95","89,34","89,97","88,59","47,39K","-0,34%"
"04.04.2024","89,25","89,20","90,48","89,20","13,56K","0,45%"
"03.04.2024","88,85","88,80","89,14","88,17","21,70K","0,06%"
"02.04.2024","88,80","88,00","88,90","87,99","41,47K","0,45%"
"01.04.2024","88,40","88,60","89,00","88,40","15,18K","-0,23%"
"28.03.2024","88,60","88,50","89,04","87,94","59,03K","0,23%"
"27.03.2024","88,40","87,50","88,70","87,40","7,04K","1,03%"
"26.03.2024","87,50","88,08","88,08","87,50","35,74K","-0,46%"
"25.03.2024","87,90","88,60","88,60","87,71","10,27K","-0,28%"
"23.03.2024","88,15","88,15","88,15","88,15","","0,00%"
"22.03.2024","88,15","88,54","88,73","87,87","6,60K","-0,45%"
"21.03.2024","88,55","88,98","89,28","88,51","36,71K","-0,28%"
"20.03.2024","88,80","87,76","88,92","87,76","17,11K","1,25%"
"19.03.2024","87,70","87,50","88,13","87,50","10,07K","0,52%"
"18.03.2024","87,25","87,08","87,63","87,03","11,32K","0,40%"
"15.03.2024","86,90","87,28","87,61","86,66","14,20K","-0,42%"
"14.03.2024","87,27","88,00","88,08","87,17","7,72K","-0,72%"
"13.03.2024","87,90","88,26","88,46","87,76","11,24K","-0,40%"
"12.03.2024","88,25","88,40","88,45","87,71","8,14K","0,86%"
"11.03.2024","87,50","88,20","88,24","87,50","21,24K","-0,80%"
"08.03.2024","88,21","88,25","88,49","87,44","24,05K","-0,83%"
"07.03.2024","88,95","88,90","89,48","88,77","11,55K","0,06%"
"06.03.2024","88,90","89,17","89,65","88,90","12,77K","0,08%"
"05.03.2024","88,83","89,00","89,63","88,78","31,83K","-0,19%"
"04.03.2024","89,00","89,70","90,20","89,00","11,03K","-0,78%"
"01.03.2024","89,70","89,80","90,25","89,70","12,28K","0,00%"
"29.02.2024","89,70","90,05","90,51","89,61","54,53K","-0,39%"
"28.02.2024","90,05","90,57","91,27","90,03","77,66K","-0,66%"
"27.02.2024","90,65","90,14","90,82","90,14","29,45K","1,26%"
"26.02.2024","89,52","89,50","89,96","89,45","11,47K","0,02%"
"23.02.2024","89,50","90,48","90,48","89,50","18,13K","-0,72%"
"22.02.2024","90,15","90,35","90,49","89,86","20,14K","0,28%"
"21.02.2024","89,90","90,26","90,48","89,69","11,45K","-0,40%"
"20.02.2024","90,26","90,10","90,50","89,90","14,37K","0,18%"
"19.02.2024","90,10","89,71","90,46","89,55","226,84K","0,33%"
"16.02.2024","89,80","89,64","90,15","89,22","16,48K","0,79%"
"15.02.2024","89,10","88,30","89,30","88,30","9,39K","1,02%"
"14.02.2024","88,20","88,73","88,73","88,10","12,80K","-0,60%"
"09.02.2024","88,73","89,27","89,47","88,73","6,87K","-0,60%"
"08.02.2024","89,27","90,60","90,64","89,26","22,93K","-1,47%"
"07.02.2024","90,60","90,18","90,85","90,18","7,01K","0,33%"
"06.02.2024","90,30","89,19","90,42","89,16","16,20K","1,40%"
"05.02.2024","89,05","88,41","89,05","88,02","30,47K","0,34%"
"02.02.2024","88,75","89,70","89,76","88,43","8,25K","-0,67%"
"01.02.2024","89,35","89,50","89,50","88,69","16,57K","0,51%"
"31.01.2024","88,90","89,00","89,84","88,65","10,02K","0,28%"
"30.01.2024","88,65","89,29","89,40","88,55","8,92K","-0,67%"
"29.01.2024","89,25","89,79","89,79","88,99","21,49K","-0,60%"
"26.01.2024","89,79","89,79","89,96","89,29","15,70K","0,55%"
"25.01.2024","89,30","89,20","89,73","89,08","8,51K","0,06%"
"24.01.2024","89,25","89,50","89,80","89,00","7,23K","0,46%"
"23.01.2024","88,84","88,44","88,98","88,12","8,16K","1,30%"
"22.01.2024","87,70","88,60","88,60","87,47","8,26K","-0,51%"
"19.01.2024","88,15","88,25","88,58","87,79","10,02K","0,07%"
"18.01.2024","88,09","89,00","89,16","87,96","27,79K","-0,58%"
"17.01.2024","88,60","88,87","88,98","88,51","97,74K","-0,34%"
"16.01.2024","88,90","89,90","89,98","88,88","104,22K","-1,44%"
"15.01.2024","90,20","89,75","90,49","89,50","8,65K","0,39%"
"12.01.2024","89,85","89,80","90,49","89,75","25,07K","0,06%"
"11.01.2024","89,80","89,91","90,20","89,35","35,56K","-0,22%"
"10.01.2024","90,00","90,55","90,70","89,68","38,45K","-0,55%"
"09.01.2024","90,50","91,10","91,10","90,41","4,95K","-0,66%"
"08.01.2024","91,10","90,80","91,26","90,33","3,53K","0,11%"
"05.01.2024","91,00","90,70","91,46","90,26","36,20K","0,33%"
"04.01.2024","90,70","91,65","91,65","90,68","5,65K","-1,04%"
"03.01.2024","91,65","91,32","92,09","91,23","33,89K","0,23%"
"02.01.2024","91,44","91,80","91,99","91,14","15,50K","-0,82%"
"28.12.2023","92,20","91,52","92,26","91,52","19,21K","0,44%"
"27.12.2023","91,80","91,46","92,04","90,03","27,64K","0,44%"
"26.12.2023","91,40","91,60","91,68","90,91","19,64K","0,55%"
"22.12.2023","90,90","90,40","90,93","90,34","10,97K","0,66%"
"21.12.2023","90,30","90,28","90,49","89,60","16,18K","0,89%"
"20.12.2023","89,50","89,90","90,29","88,26","129,42K","-0,33%"
"19.12.2023","89,80","89,38","89,89","89,06","22,79K","0,84%"
"18.12.2023","89,05","88,93","89,60","88,93","38,74K","0,45%"
"15.12.2023","88,65","88,75","89,49","88,27","20,92K","0,00%"
"14.12.2023","88,65","88,50","89,24","88,34","122,00K","0,74%"
"13.12.2023","88,00","86,31","88,12","86,31","16,53K","1,73%"
"12.12.2023","86,50","86,59","86,95","86,19","9,70K","-0,12%"
"11.12.2023","86,60","86,26","86,73","86,01","187,82K","0,21%"
"08.12.2023","86,42","85,99","86,60","85,58","12,48K","0,96%"
"07.12.2023","85,60","85,81","86,19","85,60","13,46K","-0,12%"
"06.12.2023","85,70","86,36","89,35","85,70","16,17K","-0,72%"
"05.12.2023","86,32","86,05","86,57","85,92","13,64K","0,40%"
"04.12.2023","85,98","86,27","86,35","85,87","57,84K","-0,43%"
"01.12.2023","86,35","86,10","86,75","86,05","30,90K","0,29%"
"30.11.2023","86,10","86,31","86,46","85,54","10,07K","0,58%"
"29.11.2023","85,60","86,30","86,45","85,60","34,71K","-0,35%"
"28.11.2023","85,90","85,36","86,33","85,36","24,89K","0,64%"
"27.11.2023","85,35","85,28","85,61","85,21","6,91K","0,23%"
"24.11.2023","85,15","85,76","85,76","85,09","5,89K","-0,87%"
"23.11.2023","85,90","85,84","86,28","85,84","4,65K","0,06%"
"22.11.2023","85,85","86,30","86,79","85,48","8,48K","0,00%"
"21.11.2023","85,85","85,95","86,20","85,54","36,00K","-0,08%"
"20.11.2023","85,92","86,40","86,40","85,67","27,91K","0,20%"
"17.11.2023","85,75","85,95","86,37","85,72","11,19K","-0,12%"
"16.11.2023","85,85","84,85","86,89","84,62","78,73K","1,30%"
"14.11.2023","84,75","83,50","84,95","83,42","61,16K","2,11%"
"13.11.2023","83,00","82,89","83,17","82,45","10,91K","0,02%"
"10.11.2023","82,98","82,11","83,26","82,01","46,14K","1,32%"
"09.11.2023","81,90","82,26","82,66","81,51","5,84K","-0,22%"
"08.11.2023","82,08","82,45","82,51","81,80","7,79K","-0,09%"
"07.11.2023","82,15","81,71","82,41","81,71","7,46K","0,53%"
"06.11.2023","81,72","81,08","81,90","81,06","20,25K","0,81%"
"03.11.2023","81,06","80,40","81,41","80,40","25,91K","2,35%"
"01.11.2023","79,20","78,20","79,65","78,20","29,09K","1,76%"
"31.10.2023","77,83","78,00","78,19","77,34","17,70K","0,23%"
"30.10.2023","77,65","78,38","78,57","77,46","11,46K","-0,51%"
"27.10.2023","78,05","79,50","79,50","77,89","6,58K","-0,94%"
"26.10.2023","78,79","78,29","79,47","77,65","17,46K","1,47%"
"25.10.2023","77,65","78,30","78,69","77,60","14,01K","-0,70%"
"24.10.2023","78,20","78,50","78,70","77,76","8,47K","0,57%"
"23.10.2023","77,76","77,93","78,57","77,40","350,16K","-0,22%"
"20.10.2023","77,93","78,30","78,48","77,56","349,92K","-0,60%"
"19.10.2023","78,40","78,30","79,30","78,30","375,61K","0,19%"
"18.10.2023","78,25","78,80","78,95","78,17","14,06K","-1,30%"
"17.10.2023","79,28","79,83","80,04","79,26","11,30K","-0,69%"
"16.10.2023","79,83","80,00","80,09","79,64","18,39K","0,67%"
"13.10.2023","79,30","80,06","80,11","79,30","59,07K","-0,95%"
"11.10.2023","80,06","80,08","80,39","79,73","6,27K","0,23%"
"10.10.2023","79,88","79,36","80,40","79,36","262,95K","0,92%"
"09.10.2023","79,15","78,71","79,23","77,61","7,15K","0,56%"
"06.10.2023","78,71","79,00","79,00","77,50","13,18K","0,47%"
"05.10.2023","78,34","78,68","79,16","78,01","6,06K","-0,42%"
"04.10.2023","78,67","79,02","79,28","78,56","10,79K","-0,42%"
"03.10.2023","79,00","79,53","79,87","78,71","27,29K","-1,04%"
"02.10.2023","79,83","81,05","81,05","79,68","8,35K","-0,62%"
"29.09.2023","80,33","81,19","81,25","80,00","19,44K","0,29%"
"28.09.2023","80,10","79,38","80,25","79,35","4,58K","0,91%"
"27.09.2023","79,38","79,90","80,47","78,80","6,68K","-0,33%"
"26.09.2023","79,64","80,29","80,48","79,64","20,54K","-1,25%"
"25.09.2023","80,65","80,48","80,77","80,35","6,11K","-0,01%"
"22.09.2023","80,66","81,21","81,43","80,65","6,08K","-0,36%"
"21.09.2023","80,95","81,35","81,46","80,85","8,87K","-1,34%"
"20.09.2023","82,05","81,65","82,48","81,65","6,28K","0,82%"
"19.09.2023","81,38","82,14","82,14","81,18","11,18K","-0,09%"
"18.09.2023","81,45","82,15","82,25","81,44","30,87K","-0,60%"
"15.09.2023","81,94","81,84","82,29","81,80","4,15K","0,22%"
"14.09.2023","81,76","81,70","82,03","81,59","5,72K","1,03%"
"13.09.2023","80,93","81,14","81,58","80,91","10,89K","-0,12%"
"12.09.2023","81,03","80,40","81,15","80,40","10,51K","0,90%"
"11.09.2023","80,31","79,97","80,46","79,62","8,50K","1,41%"
"09.09.2023","79,19","79,19","79,19","79,19","","0,00%"
"08.09.2023","79,19","79,00","79,53","76,50","8,41K","-0,53%"
"06.09.2023","79,61","80,41","80,61","79,56","8,77K","-0,88%"
"05.09.2023","80,32","80,17","80,77","80,00","8,60K","-0,42%"
"04.09.2023","80,66","80,32","81,14","80,32","8,58K","0,45%"
"02.09.2023","80,30","80,30","80,30","80,30","","-0,48%"
"01.09.2023","80,69","79,84","80,69","79,84","5,53K","1,62%"
"31.08.2023","79,40","80,60","80,60","79,40","7,72K","-1,46%"
"30.08.2023","80,58","81,00","81,34","80,58","11,36K","-0,28%"
"29.08.2023","80,81","80,33","80,81","80,08","11,35K","1,06%"
"28.08.2023","79,96","79,27","79,98","79,24","5,88K","0,91%"
"25.08.2023","79,24","79,65","79,90","78,95","92,91K","-0,53%"
"24.08.2023","79,66","80,00","80,29","79,58","4,67K","-0,65%"
"23.08.2023","80,18","79,95","80,18","79,31","6,45K","1,01%"
"22.08.2023","79,38","79,00","79,53","78,46","8,62K","1,33%"
"21.08.2023","78,34","78,77","78,99","77,95","7,52K","-0,53%"
"18.08.2023","78,76","78,60","79,03","78,20","12,31K","0,14%"
"17.08.2023","78,65","79,63","79,70","78,57","11,49K","-0,54%"
"16.08.2023","79,08","79,55","79,78","78,57","16,12K","0,19%"
"15.08.2023","78,93","79,68","79,98","78,90","14,25K","-0,54%"
"14.08.2023","79,36","79,55","79,95","79,24","19,57K","-0,28%"
"11.08.2023","79,58","79,40","80,09","79,14","23,34K","0,16%"
"10.08.2023","79,45","79,87","79,90","79,32","8,18K","0,06%"
"09.08.2023","79,40","79,95","79,95","79,25","8,66K","-0,77%"
"08.08.2023","80,02","79,45","80,44","79,45","16,77K","-0,60%"
"07.08.2023","80,50","80,79","81,13","80,37","13,68K","-0,36%"
"04.08.2023","80,79","81,10","81,94","80,70","14,30K","-0,72%"
"03.08.2023","81,38","81,93","82,26","81,10","16,06K","0,05%"
"02.08.2023","81,34","81,12","81,64","80,72","12,23K","-0,02%"
"01.08.2023","81,36","81,02","81,78","80,86","8,71K","-0,33%"
"31.07.2023","81,63","81,04","81,74","80,94","8,47K","1,45%"
"28.07.2023","80,46","80,79","81,39","80,07","9,10K","0,25%"
"27.07.2023","80,26","81,90","82,46","80,26","5,48K","-2,00%"
"26.07.2023","81,90","81,70","82,11","81,18","8,53K","0,60%"
"25.07.2023","81,41","81,22","81,90","81,02","51,89K","0,95%"
"24.07.2023","80,64","80,01","80,95","79,84","6,81K","1,00%"
"21.07.2023","79,84","79,28","79,93","79,04","353,01K","1,02%"
"20.07.2023","79,03","79,29","79,29","78,84","4,62K","0,19%"
"19.07.2023","78,88","79,00","79,23","78,44","7,15K","-0,53%"
"18.07.2023","79,30","79,48","79,74","79,00","8,58K","-0,35%"
"17.07.2023","79,58","79,23","79,70","78,61","5,05K","0,16%"
"14.07.2023","79,45","80,32","80,36","79,27","4,46K","-1,01%"
"13.07.2023","80,26","79,65","80,67","79,65","3,87K","1,34%"
"12.07.2023","79,20","79,17","79,98","79,17","45,87K","0,46%"
"11.07.2023","78,84","79,00","79,05","78,00","12,74K","-0,47%"
"10.07.2023","79,21","79,40","79,55","79,15","3,04K","-0,55%"
"07.07.2023","79,65","79,00","80,20","79,00","15,93K","0,85%"
"06.07.2023","78,98","79,50","79,59","78,60","14,58K","-1,09%"
"05.07.2023","79,85","79,65","80,13","79,26","149,87K","0,05%"
"04.07.2023","79,81","79,86","80,12","79,55","12,58K","-0,18%"
"03.07.2023","79,95","79,65","80,29","79,65","14,56K","0,82%"
"30.06.2023","79,30","79,94","80,29","79,30","8,40K","-0,44%"
"29.06.2023","79,65","78,64","79,91","78,64","8,04K","1,57%"
"28.06.2023","78,42","79,00","79,27","78,42","11,83K","-0,73%"
"27.06.2023","79,00","79,55","80,10","78,60","74,35K","-0,38%"
"26.06.2023","79,30","79,69","79,69","78,90","11,80K","-0,49%"
"23.06.2023","79,69","79,19","80,13","79,18","6,06K","0,43%"
"22.06.2023","79,35","80,21","80,38","79,05","28,43K","-1,43%"
"21.06.2023","80,50","80,09","80,53","79,85","30,63K","0,59%"
"20.06.2023","80,03","79,50","80,20","79,28","74,51K","0,20%"
"19.06.2023","79,87","79,00","80,00","78,76","9,48K","1,10%"
"16.06.2023","79,00","79,00","79,52","79,00","7,84K","-0,43%"
"15.06.2023","79,34","79,50","79,93","79,13","30,42K","-0,10%"
"14.06.2023","79,42","77,93","79,50","77,67","62,09K","1,94%"
"13.06.2023","77,91","78,67","78,73","77,71","26,21K","-0,69%"
"12.06.2023","78,45","78,37","78,64","77,66","39,60K","0,38%"
"09.06.2023","78,15","77,00","78,36","77,00","10,75K","1,78%"
"07.06.2023","76,78","76,30","76,93","76,09","45,23K","0,63%"
"06.06.2023","76,30","75,39","76,52","75,20","43,91K","1,45%"
"05.06.2023","75,21","75,26","75,47","74,77","13,49K","0,16%"
"02.06.2023","75,09","75,01","75,35","74,12","576,89K","1,75%"
"01.06.2023","73,80","73,23","73,96","72,89","41,90K","0,78%"
"31.05.2023","73,23","73,66","73,84","72,85","6,08K","-0,58%"
"30.05.2023","73,66","74,90","75,02","73,41","6,24K","-1,27%"
"29.05.2023","74,61","74,76","74,97","74,46","4,74K","-0,05%"
"26.05.2023","74,65","74,84","75,05","74,19","5,70K","0,62%"
"25.05.2023","74,19","74,13","74,71","74,00","3,20K","0,54%"
"24.05.2023","73,79","74,25","74,27","73,62","6,04K","-0,85%"
"23.05.2023","74,42","74,57","75,03","74,09","23,59K","-0,20%"
"22.05.2023","74,57","74,55","75,10","71,65","25,86K","0,03%"
"19.05.2023","74,55","74,41","74,92","74,01","168,61K","0,55%"
"18.05.2023","74,14","73,65","74,21","73,40","15,11K","0,67%"
"17.05.2023","73,65","73,59","74,03","73,57","8,47K","0,70%"
"16.05.2023","73,14","73,73","74,52","73,10","14,25K","-0,80%"
"15.05.2023","73,73","73,52","73,88","73,42","33,16K","0,30%"
"12.05.2023","73,51","73,32","73,65","72,65","9,45K","-0,08%"
"11.05.2023","73,57","73,07","73,80","72,43","4,68K","0,48%"
"10.05.2023","73,22","73,15","73,62","72,69","40,99K","0,10%"
"09.05.2023","73,15","73,15","73,51","72,25","22,20K","0,59%"
"08.05.2023","72,72","72,85","73,35","72,47","14,87K","0,48%"
"06.05.2023","72,37","72,37","72,37","72,37","","0,00%"
"05.05.2023","72,37","70,97","72,85","70,84","50,37K","2,22%"
"04.05.2023","70,80","70,89","71,99","70,30","196,47K","-0,07%"
"03.05.2023","70,85","70,90","71,22","70,35","8,38K","-0,03%"
"02.05.2023","70,87","71,71","72,60","70,58","3,86K","-1,80%"
"28.04.2023","72,17","71,32","72,29","70,92","92,51K","1,36%"
"27.04.2023","71,20","70,75","71,45","70,75","12,13K","0,64%"
"26.04.2023","70,75","71,57","71,57","70,57","9,14K","-0,62%"
"25.04.2023","71,19","71,50","71,69","70,80","7,21K","-0,82%"
"24.04.2023","71,78","72,14","72,15","71,31","51,28K","-0,53%"
"20.04.2023","72,16","71,94","72,75","71,52","85,10K","0,31%"
"19.04.2023","71,94","72,56","72,56","71,71","7,26K","-1,43%"
"18.04.2023","72,98","73,12","73,12","72,39","11,68K","0,25%"
"17.04.2023","72,80","72,85","73,14","72,05","5,83K","0,00%"
"14.04.2023","72,80","72,87","73,00","71,79","15,73K","-0,11%"
"13.04.2023","72,88","72,94","73,04","72,46","91,12K","-0,08%"
"12.04.2023","72,94","72,12","73,95","72,12","40,58K","1,17%"
"11.04.2023","72,10","70,99","72,42","70,90","11,34K","3,10%"
"10.04.2023","69,93","69,15","70,09","69,15","7,43K","1,13%"
"06.04.2023","69,15","69,17","69,55","68,95","4,43K","-0,03%"
"05.04.2023","69,17","69,75","69,80","68,69","5,21K","-0,83%"
"04.04.2023","69,75","69,42","70,19","69,42","8,11K","0,48%"
"03.04.2023","69,42","69,65","70,43","68,83","12,34K","-0,34%"
"31.03.2023","69,66","70,48","70,76","69,25","50,76K","-0,76%"
"30.03.2023","70,19","70,00","70,95","69,20","7,23K","1,70%"
"29.03.2023","69,02","68,91","69,18","68,02","45,08K","0,20%"
"28.03.2023","68,88","68,00","69,13","67,85","9,64K","1,16%"
"27.03.2023","68,09","67,77","68,26","67,14","28,42K","1,02%"
"24.03.2023","67,40","66,80","67,85","66,80","5,22K","1,13%"
"23.03.2023","66,65","67,71","68,90","66,33","28,24K","-1,55%"
"22.03.2023","67,70","67,80","68,85","67,43","6,38K","-0,15%"
"21.03.2023","67,80","68,17","68,72","67,80","16,04K","-0,44%"
"20.03.2023","68,10","69,60","69,60","68,10","18,36K","-1,02%"
"17.03.2023","68,80","69,89","70,28","68,80","5,05K","-1,71%"
"16.03.2023","70,00","69,82","70,54","69,81","10,34K","0,29%"
"15.03.2023","69,80","69,60","70,10","68,95","93,78K","-0,43%"
"14.03.2023","70,10","69,99","70,84","69,89","6,35K","0,17%"
"13.03.2023","69,98","70,00","70,38","69,38","22,15K","-0,38%"
"10.03.2023","70,25","71,02","71,39","70,14","10,71K","-1,26%"
"09.03.2023","71,15","72,05","72,43","71,15","9,09K","-1,25%"
"08.03.2023","72,05","70,80","72,31","70,80","10,98K","1,48%"
"07.03.2023","71,00","71,75","71,89","70,81","10,24K","-0,56%"
"06.03.2023","71,40","71,12","71,84","71,01","39,10K","0,49%"
"03.03.2023","71,05","71,44","71,65","70,97","6,59K","0,42%"
"02.03.2023","70,75","71,39","71,83","70,75","68,58K","-0,49%"
"01.03.2023","71,10","70,85","71,80","70,39","70,70K","0,35%"
"28.02.2023","70,85","71,55","72,34","70,85","447,83K","-0,99%"
"27.02.2023","71,56","72,07","72,07","71,15","4,87K","0,08%"
"24.02.2023","71,50","72,09","72,47","71,01","5,52K","-0,82%"
"23.02.2023","72,09","71,85","72,87","71,81","10,35K","0,33%"
"22.02.2023","71,85","73,25","73,28","71,81","9,80K","-1,91%"
"17.02.2023","73,25","73,45","73,80","73,25","5,81K","-0,34%"
"16.02.2023","73,50","73,35","73,82","72,91","325,65K","0,20%"
"15.02.2023","73,35","72,60","73,75","72,43","5,57K","0,92%"
"14.02.2023","72,68","73,35","73,99","72,57","15,16K","-0,51%"
"13.02.2023","73,05","72,98","73,38","72,33","7,84K","0,07%"
"10.02.2023","73,00","71,67","73,16","71,67","21,07K","0,83%"
"09.02.2023","72,40","73,90","74,12","72,06","17,26K","-1,76%"
"08.02.2023","73,70","73,10","74,16","73,07","10,12K","1,31%"
"07.02.2023","72,75","73,75","73,82","72,75","59,17K","-0,78%"
"06.02.2023","73,32","73,21","73,80","72,45","33,00K","0,19%"
"03.02.2023","73,18","73,61","74,38","73,08","20,99K","-0,97%"
"02.02.2023","73,90","75,23","76,00","73,55","81,48K","-1,77%"
"01.02.2023","75,23","76,68","76,98","74,93","17,31K","-1,79%"
"31.01.2023","76,60","76,04","76,98","76,04","3,73K","1,06%"
"30.01.2023","75,80","75,94","76,41","75,79","51,54K","-0,13%"
"27.01.2023","75,90","76,45","77,36","75,90","4,82K","-1,59%"
"26.01.2023","77,13","76,90","77,49","76,82","3,11K","0,43%"
"25.01.2023","76,80","75,95","77,11","75,50","15,05K","1,12%"
"24.01.2023","75,95","75,31","76,48","75,31","25,80K","0,86%"
"23.01.2023","75,30","75,38","76,49","75,30","606,41K","-0,86%"
"20.01.2023","75,95","75,53","76,12","75,37","28,87K","0,13%"
"19.01.2023","75,85","74,35","76,17","74,35","15,42K","0,66%"
"18.01.2023","75,35","75,10","76,11","74,90","11,06K","0,33%"
"17.01.2023","75,10","73,65","76,00","73,65","31,54K","1,97%"
"16.01.2023","73,65","73,50","74,03","73,06","10,84K","-0,54%"
"13.01.2023","74,05","74,40","74,44","73,73","6,96K","-0,74%"
"12.01.2023","74,60","74,76","75,40","73,70","8,90K","-0,20%"
"11.01.2023","74,75","74,00","75,05","73,59","9,78K","0,88%"
"10.01.2023","74,10","72,15","74,18","72,15","14,23K","1,40%"
"09.01.2023","73,08","71,95","73,31","71,25","117,17K","1,29%"
"06.01.2023","72,15","72,29","73,10","72,04","6,90K","0,91%"
"05.01.2023","71,50","70,41","71,75","70,36","29,47K","1,71%"
"04.01.2023","70,30","69,51","70,71","69,51","77,76K","1,15%"
"03.01.2023","69,50","71,20","71,20","69,50","8,58K","-2,39%"
"02.01.2023","71,20","72,60","72,60","70,42","8,38K","-2,05%"
"29.12.2022","72,69","72,93","73,24","72,20","30,16K","0,26%"
"28.12.2022","72,50","71,96","72,81","71,80","6,33K","0,78%"
"27.12.2022","71,94","72,47","72,47","71,14","11,26K","0,55%"
"26.12.2022","71,55","72,44","72,45","71,54","9,06K","-1,31%"
"23.12.2022","72,50","71,10","72,50","71,10","46,55K","1,97%"
"22.12.2022","71,10","71,49","71,49","70,62","39,01K","-0,56%"
"21.12.2022","71,50","70,90","71,50","70,56","67,22K","1,35%"
"20.12.2022","70,55","69,10","71,20","68,68","160,28K","2,10%"
"19.12.2022","69,10","68,61","69,65","68,61","48,17K","0,73%"
"16.12.2022","68,60","68,15","69,50","68,15","25,69K","-0,29%"
"15.12.2022","68,80","69,40","70,23","68,74","25,39K","-0,65%"
"14.12.2022","69,25","68,34","69,53","67,62","85,11K","0,65%"
"13.12.2022","68,80","69,95","71,08","68,80","44,09K","-1,64%"
"12.12.2022","69,95","71,40","71,40","69,06","13,98K","-2,03%"
"09.12.2022","71,40","71,00","72,08","71,00","2,77K","0,56%"
"08.12.2022","71,00","72,60","72,60","71,00","6,82K","-1,66%"
"07.12.2022","72,20","72,69","72,92","71,80","4,19K","-0,55%"
"06.12.2022","72,60","72,48","72,92","72,00","18,42K","0,15%"
"05.12.2022","72,49","72,30","73,52","71,82","33,86K","-1,41%"
"02.12.2022","73,53","73,03","74,76","72,50","38,70K","0,68%"
"01.12.2022","73,03","73,49","73,99","72,78","18,61K","-0,64%"
"30.11.2022","73,50","73,70","73,70","72,50","3,96K","0,60%"
"29.11.2022","73,06","71,63","73,68","71,61","12,58K","2,00%"
"28.11.2022","71,63","71,75","71,80","70,87","7,40K","-0,17%"
"25.11.2022","71,75","72,95","72,97","71,38","96,07K","-1,64%"
"24.11.2022","72,95","71,35","73,53","70,99","35,21K","2,24%"
"23.11.2022","71,35","71,22","71,43","70,69","23,08K","0,18%"
"22.11.2022","71,22","71,99","71,99","70,68","6,58K","-1,08%"
"21.11.2022","72,00","69,50","72,00","69,50","41,55K","2,93%"
"18.11.2022","69,95","71,35","71,65","69,89","48,02K","-0,64%"
"17.11.2022","70,40","70,78","70,78","69,35","55,63K","-1,05%"
"16.11.2022","71,15","72,80","73,09","70,74","16,34K","-2,27%"
"14.11.2022","72,80","74,20","74,20","72,59","153,23K","-0,07%"
"11.11.2022","72,85","70,59","73,47","69,84","121,77K","3,19%"
"10.11.2022","70,60","72,06","72,06","69,80","35,09K","-2,82%"
"09.11.2022","72,65","73,84","74,36","72,56","2,82K","-1,62%"
"08.11.2022","73,85","73,20","74,49","73,20","18,96K","0,89%"
"07.11.2022","73,20","74,99","75,00","73,20","19,63K","-2,40%"
"04.11.2022","75,00","74,10","76,07","74,10","10,93K","1,49%"
"03.11.2022","73,90","73,25","74,45","72,64","69,28K","0,00%"
"01.11.2022","73,90","73,23","74,92","73,23","14,41K","1,23%"
"31.10.2022","73,00","71,00","73,39","70,75","24,12K","0,00%"
"28.10.2022","73,00","72,90","73,00","71,40","18,02K","0,00%"
"27.10.2022","73,00","73,30","73,85","72,14","495,59K","1,74%"
"26.10.2022","71,75","73,16","73,50","71,75","34,21K","-1,93%"
"25.10.2022","73,16","74,10","74,29","73,16","23,73K","-1,93%"
"24.10.2022","74,60","75,62","75,62","74,13","17,08K","-1,92%"
"21.10.2022","76,06","74,10","76,65","74,00","7,89K","1,48%"
"20.10.2022","74,95","74,30","74,95","73,72","10,64K","1,63%"
"19.10.2022","73,75","73,41","74,05","73,41","88,94K","0,48%"
"18.10.2022","73,40","73,01","73,50","72,64","10,43K","1,80%"
"17.10.2022","72,10","72,00","72,59","71,39","12,12K","1,41%"
"14.10.2022","71,10","72,51","72,71","71,01","17,19K","-1,73%"
"13.10.2022","72,35","72,19","73,13","70,39","25,10K","-0,34%"
"11.10.2022","72,60","73,24","73,35","72,60","6,04K","-1,63%"
"10.10.2022","73,80","73,99","73,99","73,32","18,99K","0,20%"
"07.10.2022","73,65","74,10","74,45","73,57","9,72K","-0,59%"
"06.10.2022","74,09","74,60","74,60","73,76","7,96K","0,39%"
"05.10.2022","73,80","73,72","74,05","73,36","12,53K","0,54%"
"04.10.2022","73,40","75,01","75,21","73,28","42,59K","-0,84%"
"03.10.2022","74,02","72,27","74,19","72,04","55,04K","4,77%"
"30.09.2022","70,65","68,30","70,78","68,30","42,32K","2,54%"
"29.09.2022","68,90","69,00","69,28","68,10","6,29K","-0,51%"
"28.09.2022","69,25","69,95","69,95","69,05","9,23K","-0,29%"
"27.09.2022","69,45","70,99","70,99","69,45","13,02K","-0,93%"
"26.09.2022","70,10","71,01","71,95","70,10","7,38K","-2,80%"
"23.09.2022","72,12","72,35","72,51","71,58","22,44K","-1,88%"
"22.09.2022","73,50","72,20","73,65","71,99","388,82K","1,94%"
"21.09.2022","72,10","72,40","72,65","71,63","53,25K","-0,41%"
"20.09.2022","72,40","72,00","72,49","71,78","933,19K","0,70%"
"19.09.2022","71,90","70,00","72,28","69,99","15,10K","2,06%"
"16.09.2022","70,45","70,70","70,80","70,34","14,55K","-0,35%"
"15.09.2022","70,70","71,37","71,37","70,61","9,24K","-0,21%"
"14.09.2022","70,85","71,70","71,76","70,84","12,44K","-0,63%"
"13.09.2022","71,30","72,41","72,75","71,11","199,48K","-1,93%"
"12.09.2022","72,70","73,20","73,57","72,70","191,15K","-0,14%"
"09.09.2022","72,80","71,50","72,80","71,50","23,07K","2,29%"
"08.09.2022","71,17","71,75","71,92","70,73","21,16K","-0,25%"
"06.09.2022","71,35","72,00","72,08","71,13","38,56K","-1,65%"
"05.09.2022","72,55","72,80","73,17","72,45","463,48K","0,55%"
"02.09.2022","72,15","72,80","73,11","72,15","23,82K","0,14%"
"01.09.2022","72,05","71,75","72,24","71,07","14,73K","0,21%"
"31.08.2022","71,90","72,64","72,72","71,67","11,22K","0,14%"
"30.08.2022","71,80","73,10","73,10","71,80","15,35K","-1,85%"
"29.08.2022","73,15","72,00","73,32","71,99","43,74K","0,83%"
"26.08.2022","72,55","73,12","73,89","72,55","8,33K","-0,89%"
"25.08.2022","73,20","73,49","73,99","73,08","35,60K","-0,14%"
"24.08.2022","73,30","73,55","74,15","73,30","14,48K","-0,81%"
"23.08.2022","73,90","73,10","73,90","73,10","15,38K","1,03%"
"22.08.2022","73,15","72,42","73,40","72,28","19,40K","-0,14%"
"19.08.2022","73,25","73,99","73,99","73,16","24,86K","-1,94%"
"18.08.2022","74,70","75,10","75,33","74,23","1,04M","-0,73%"
"17.08.2022","75,25","73,88","75,25","73,66","27,23K","1,48%"
"16.08.2022","74,15","74,25","74,40","73,92","13,86K","0,19%"
"15.08.2022","74,01","73,30","74,45","73,01","16,86K","0,56%"
"12.08.2022","73,60","72,99","73,80","72,99","23,24K","1,03%"
"11.08.2022","72,85","73,16","73,62","72,60","268,15K","0,41%"
"10.08.2022","72,55","73,00","73,37","72,39","25,20K","0,42%"
"09.08.2022","72,25","72,00","72,59","71,64","592,99K","0,35%"
"08.08.2022","72,00","70,85","72,00","70,85","358,97K","1,62%"
"05.08.2022","70,85","70,30","71,31","70,30","16,83K","0,84%"
"04.08.2022","70,26","69,50","70,89","69,49","59,61K","1,09%"
"03.08.2022","69,50","69,10","69,90","68,57","271,06K","0,58%"
"02.08.2022","69,10","68,42","69,20","68,19","13,25K","0,80%"
"01.08.2022","68,55","68,90","69,40","68,25","461,12K","-0,51%"
"29.07.2022","68,90","68,66","69,72","68,18","341,93K","0,80%"
"28.07.2022","68,35","67,90","68,73","67,88","14,54K","0,66%"
"27.07.2022","67,90","67,45","68,16","66,61","16,42K","0,67%"
"26.07.2022","67,45","67,40","67,90","67,13","41,08K","0,07%"
"25.07.2022","67,40","66,86","67,73","66,86","15,11K","0,97%"
"22.07.2022","66,75","66,90","67,54","66,48","65,36K","0,00%"
"21.07.2022","66,75","66,30","67,00","65,86","20,63K","0,68%"
"20.07.2022","66,30","66,25","66,80","66,17","15,47K","0,08%"
"19.07.2022","66,25","65,82","66,58","65,80","19,32K","0,53%"
"18.07.2022","65,90","66,15","66,38","65,42","204,88K","0,69%"
"15.07.2022","65,45","65,19","65,71","64,50","35,81K","0,61%"
"14.07.2022","65,05","65,27","65,47","64,71","72,18K","-1,29%"
"13.07.2022","65,90","66,00","66,50","65,42","48,39K","-0,15%"
"12.07.2022","66,00","65,87","66,28","65,31","21,55K","0,20%"
"11.07.2022","65,87","66,06","66,84","65,59","55,09K","-1,95%"
"08.07.2022","67,18","67,40","67,90","66,99","32,22K","-0,30%"
"07.07.2022","67,38","66,67","67,78","66,67","50,03K","1,61%"
"06.07.2022","66,31","66,42","66,68","65,62","26,54K","-0,20%"
"05.07.2022","66,44","66,30","66,56","65,66","632,48K","-0,55%"
"04.07.2022","66,81","67,35","67,37","66,54","61,12K","-1,05%"
"01.07.2022","67,52","67,24","67,80","66,61","196,15K","0,28%"
"30.06.2022","67,33","67,60","67,65","66,70","505,78K","-0,47%"
"29.06.2022","67,65","68,39","68,89","67,62","22,09K","-1,15%"
"28.06.2022","68,44","69,02","69,39","68,07","40,20K","-0,09%"
"27.06.2022","68,50","67,16","68,70","67,16","50,99K","2,03%"
"24.06.2022","67,14","67,21","67,59","66,94","46,57K","-0,09%"
"23.06.2022","67,20","68,19","68,38","66,95","50,85K","-1,18%"
"22.06.2022","68,00","67,70","68,41","67,32","82,88K","-0,15%"
"21.06.2022","68,10","69,40","69,40","67,76","134,77K","-0,45%"
"20.06.2022","68,41","68,06","68,76","67,21","122,05K","0,51%"
"17.06.2022","68,06","68,10","68,54","67,02","38,82K","-1,42%"
"15.06.2022","69,04","69,24","69,60","68,68","76,66K","1,31%"
"14.06.2022","68,15","68,24","68,95","67,94","48,82K","-0,15%"
"13.06.2022","68,25","68,11","68,85","67,72","11,85K","-1,80%"
"10.06.2022","69,50","70,28","70,28","69,22","47,08K","-2,11%"
"09.06.2022","71,00","71,03","71,41","70,51","315,30K","-0,21%"
"08.06.2022","71,15","71,02","72,11","71,02","319,38K","-0,97%"
"07.06.2022","71,85","72,01","72,23","71,80","18,66K","-0,55%"
"06.06.2022","72,25","73,11","73,53","72,25","26,53K","-1,16%"
"03.06.2022","73,10","74,00","74,00","73,10","23,92K","-1,22%"
"02.06.2022","74,00","73,73","74,28","73,43","27,96K","0,95%"
"01.06.2022","73,30","73,68","73,77","72,79","45,91K","-0,01%"
"31.05.2022","73,31","73,00","73,75","73,00","46,24K","0,42%"
"30.05.2022","73,00","74,01","74,05","72,72","21,20K","-0,68%"
"27.05.2022","73,50","72,82","73,86","72,82","39,52K","0,12%"
"26.05.2022","73,41","73,83","74,05","73,41","138,61K","-0,88%"
"25.05.2022","74,06","73,82","74,20","73,49","1,62M","-0,12%"
"24.05.2022","74,15","72,85","74,30","72,02","1,71M","1,44%"
"23.05.2022","73,10","72,52","73,52","72,45","662,34K","1,60%"
"20.05.2022","71,95","71,50","72,30","71,47","18,92K","0,77%"
"19.05.2022","71,40","70,20","71,60","69,97","45,33K","1,64%"
"18.05.2022","70,25","71,25","71,75","70,25","29,74K","-2,29%"
"17.05.2022","71,90","70,76","71,97","70,76","144,55K","1,99%"
"16.05.2022","70,50","70,00","70,99","69,94","319,91K","0,71%"
"13.05.2022","70,00","69,40","70,20","69,20","79,07K","0,86%"
"12.05.2022","69,40","68,34","69,45","68,10","534,61K","1,09%"
"11.05.2022","68,65","67,99","69,02","67,90","73,29K","0,73%"
"10.05.2022","68,15","68,16","68,80","67,96","24,42K","-0,44%"
"09.05.2022","68,45","68,01","69,10","67,95","106,06K","-0,94%"
"06.05.2022","69,10","68,94","69,71","68,39","61,32K","0,44%"
"05.05.2022","68,80","70,10","70,10","68,30","88,11K","-2,48%"
"04.05.2022","70,55","69,30","70,68","68,70","148,29K","1,07%"
"03.05.2022","69,80","69,34","69,95","69,34","116,64K","0,72%"
"02.05.2022","69,30","70,90","70,90","68,45","330,19K","-1,91%"
"29.04.2022","70,65","72,69","72,91","70,65","1,50M","-1,67%"
"28.04.2022","71,85","72,36","72,53","71,55","65,91K","0,13%"
"27.04.2022","71,76","72,28","72,32","71,54","47,34K","0,08%"
"26.04.2022","71,70","71,95","72,44","71,29","2,85M","-1,42%"
"25.04.2022","72,73","71,29","73,10","70,89","2,93M","0,80%"
"22.04.2022","72,15","72,52","72,63","71,71","36,81K","-1,84%"
"20.04.2022","73,50","73,09","73,57","72,63","381,69K","0,20%"
"19.04.2022","73,35","73,80","73,97","72,40","598,85K","-1,34%"
"18.04.2022","74,35","73,70","74,35","73,62","51,21K","0,88%"
"14.04.2022","73,70","73,55","73,92","73,44","7,15K","0,20%"
"13.04.2022","73,55","73,50","74,13","73,48","17,24K","0,55%"
"12.04.2022","73,15","74,00","74,46","73,15","25,51K","-0,41%"
"11.04.2022","73,45","73,92","74,15","73,43","11,47K","-0,74%"
"08.04.2022","74,00","73,52","74,52","73,52","59,43K","0,54%"
"07.04.2022","73,60","73,43","74,14","73,22","66,81K","0,14%"
"06.04.2022","73,50","73,42","73,62","72,70","285,89K","0,00%"
"05.04.2022","73,50","74,79","74,79","73,00","592,01K","-1,72%"
"04.04.2022","74,79","75,30","75,65","74,56","57,71K","-1,07%"
"01.04.2022","75,60","74,99","75,60","74,75","197,16K","2,02%"
"31.03.2022","74,10","74,46","74,75","74,10","117,20K","0,00%"
"30.03.2022","74,10","74,51","74,63","73,95","32,94K","-0,74%"
"29.03.2022","74,65","74,51","74,90","74,27","124,67K","0,81%"
"28.03.2022","74,05","74,46","74,70","73,69","26,88K","-0,54%"
"25.03.2022","74,45","74,21","74,78","74,14","32,09K","0,54%"
"24.03.2022","74,05","73,27","74,19","73,15","96,17K","1,37%"
"23.03.2022","73,05","72,98","73,49","72,85","41,32K","-0,34%"
"22.03.2022","73,30","72,86","73,30","72,47","70,41K","1,66%"
"21.03.2022","72,10","71,33","72,38","71,33","49,61K","1,41%"
"18.03.2022","71,10","70,30","71,45","70,05","46,13K","1,14%"
"17.03.2022","70,30","68,90","70,30","68,90","33,12K","2,09%"
"16.03.2022","68,86","69,90","69,90","68,02","267,20K","0,89%"
"15.03.2022","68,25","67,53","68,42","67,52","1,05M","0,59%"
"14.03.2022","67,85","67,90","69,00","67,79","32,88K","-0,22%"
"11.03.2022","68,00","69,43","69,43","67,80","27,86K","-1,09%"
"10.03.2022","68,75","68,83","69,34","67,87","73,14K","-0,15%"
"09.03.2022","68,85","67,20","69,30","67,01","21,46K","3,61%"
"08.03.2022","66,45","66,55","67,22","66,20","30,45K","0,23%"
"07.03.2022","66,30","67,33","67,95","66,30","21,16K","-2,43%"
"04.03.2022","67,95","68,20","68,59","67,62","44,69K","-0,93%"
"03.03.2022","68,59","68,16","68,99","67,95","80,53K","1,02%"
"02.03.2022","67,90","67,25","68,30","67,11","139,11K","0,97%"
"25.02.2022","67,25","67,30","67,52","66,75","265,18K","-0,07%"
"24.02.2022","67,30","65,01","67,71","65,01","79,46K","-1,61%"
"23.02.2022","68,40","68,56","69,30","68,40","53,19K","0,28%"
"22.02.2022","68,21","68,30","68,81","67,60","45,68K","0,49%"
"21.02.2022","67,88","68,90","69,09","67,88","23,79K","-1,48%"
"18.02.2022","68,90","69,25","69,48","68,82","20,70K","0,22%"
"17.02.2022","68,75","69,30","69,57","68,75","33,42K","-1,22%"
"16.02.2022","69,60","69,40","69,98","69,00","197,64K","0,72%"
"15.02.2022","69,10","68,59","69,52","68,59","562,80K","0,88%"
"14.02.2022","68,50","68,88","69,02","68,28","12,51K","-0,58%"
"11.02.2022","68,90","68,82","69,55","68,42","38,24K","0,45%"
"10.02.2022","68,59","68,13","68,70","67,90","22,44K","1,02%"
"09.02.2022","67,90","68,20","68,43","67,86","29,34K","-0,44%"
"08.02.2022","68,20","67,91","68,51","67,91","28,64K","0,07%"
"07.02.2022","68,15","68,07","68,62","67,85","31,07K","-0,10%"
"04.02.2022","68,22","68,99","68,99","67,98","24,05K","-1,13%"
"03.02.2022","69,00","68,60","69,24","68,41","31,95K","0,95%"
"02.02.2022","68,35","69,10","69,30","68,35","69,56K","-1,09%"
"01.02.2022","69,10","68,88","69,89","68,61","326,12K","0,22%"
"31.01.2022","68,95","68,30","69,49","67,30","514,20K","1,03%"
"28.01.2022","68,25","68,20","68,52","67,38","45,03K","0,37%"
"27.01.2022","68,00","67,98","68,32","67,26","34,18K","1,27%"
"26.01.2022","67,15","67,51","67,90","67,15","36,56K","-0,07%"
"25.01.2022","67,20","65,40","67,48","64,82","46,19K","2,75%"
"24.01.2022","65,40","65,75","66,50","65,10","22,07K","-0,53%"
"21.01.2022","65,75","65,88","66,43","65,11","56,25K","0,02%"
"20.01.2022","65,74","65,99","66,44","65,74","70,99K","0,50%"
"19.01.2022","65,41","65,00","66,60","64,62","514,13K","1,36%"
"18.01.2022","64,53","64,49","65,50","64,35","1,70M","-0,72%"
"17.01.2022","65,00","64,30","70,22","63,92","2,32M","1,03%"
"14.01.2022","64,34","63,70","64,44","63,70","24,81K","1,00%"
"13.01.2022","63,70","63,91","64,15","63,27","37,02K","0,31%"
"12.01.2022","63,50","62,64","63,79","62,55","9,23K","1,36%"
"11.01.2022","62,65","62,10","62,82","61,97","5,09K","0,89%"
"10.01.2022","62,10","62,65","62,65","61,95","5,12K","-0,88%"
"07.01.2022","62,65","62,16","62,80","61,53","4,02K","1,05%"
"06.01.2022","62,00","62,20","62,90","62,00","11,79K","-0,31%"
"05.01.2022","62,19","63,26","63,64","62,19","24,30K","-1,69%"
"04.01.2022","63,26","64,00","64,08","63,25","203,43K","-0,94%"
"03.01.2022","63,86","64,25","65,26","63,54","20,58K","-0,61%"
"30.12.2021","64,25","63,80","64,60","63,61","4,30K","0,58%"
"29.12.2021","63,88","64,37","64,64","63,72","3,75K","-0,75%"
"28.12.2021","64,36","64,17","64,61","64,06","28,76K","-0,37%"
"27.12.2021","64,60","64,04","64,73","63,79","35,01K","0,86%"
"23.12.2021","64,05","64,07","64,31","63,43","8,32K","0,39%"
"22.12.2021","63,80","63,78","64,23","63,25","320,00K","0,16%"
"21.12.2021","63,70","63,80","64,30","63,52","609,06K","-0,16%"
"20.12.2021","63,80","64,89","64,89","63,40","7,65K","-1,69%"
"17.12.2021","64,90","64,50","65,38","64,50","8,87K","-0,76%"
"16.12.2021","65,40","65,67","66,10","65,10","632,87K","1,63%"
"15.12.2021","64,35","65,84","65,84","64,14","9,21K","-1,08%"
"14.12.2021","65,05","66,13","66,58","65,02","8,17K","-0,69%"
"13.12.2021","65,50","65,56","66,73","65,10","7,19K","-0,15%"
"10.12.2021","65,60","66,10","66,29","65,32","7,29K","1,08%"
"09.12.2021","64,90","65,50","66,07","64,85","9,95K","-2,24%"
"08.12.2021","66,39","65,88","66,90","65,74","619,69K","1,24%"
"07.12.2021","65,58","66,90","67,00","65,58","87,18K","-0,41%"
"06.12.2021","65,85","66,20","66,64","65,85","239,21K","0,23%"
"03.12.2021","65,70","64,66","66,24","64,66","7,10K","1,70%"
"02.12.2021","64,60","63,50","65,94","63,17","372,66K","3,48%"
"01.12.2021","62,43","63,99","64,34","62,43","9,07K","-1,61%"
"30.11.2021","63,45","63,39","64,80","62,28","608,97K","-0,02%"
"29.11.2021","63,46","64,30","64,50","63,46","4,87K","-0,06%"
"26.11.2021","63,50","64,08","64,08","62,61","416,30K","-2,31%"
"25.11.2021","65,00","63,91","65,65","63,91","23,63K","1,71%"
"24.11.2021","63,91","62,88","64,27","62,88","9,92K","3,01%"
"23.11.2021","62,04","63,26","63,88","62,04","8,71K","-1,52%"
"22.11.2021","63,00","63,23","64,80","63,00","643,28K","-1,05%"
"19.11.2021","63,67","63,15","64,26","63,15","5,92K","0,82%"
"18.11.2021","63,15","63,65","64,14","63,07","20,25K","-0,17%"
"17.11.2021","63,26","65,04","65,09","63,00","26,01K","-1,83%"
"16.11.2021","64,44","65,30","66,30","64,06","6,39K","-1,32%"
"12.11.2021","65,30","65,28","66,51","65,23","7,06K","-0,61%"
"11.11.2021","65,70","65,24","67,89","65,24","6,67K","0,77%"
"10.11.2021","65,20","64,25","65,91","64,25","57,41K","1,48%"
"09.11.2021","64,25","64,02","64,98","64,02","14,69K","0,86%"
"08.11.2021","63,70","63,89","64,57","63,50","9,04K","-0,31%"
"05.11.2021","63,90","63,15","64,52","63,15","17,30K","1,19%"
"04.11.2021","63,15","65,54","65,60","62,61","7,95K","-2,40%"
"03.11.2021","64,70","63,01","65,47","63,01","7,47K","0,94%"
"01.11.2021","64,10","63,30","64,90","63,30","46,60K","2,94%"
"29.10.2021","62,27","63,65","65,10","62,27","19,55K","-2,17%"
"28.10.2021","63,65","64,49","64,86","63,65","15,64K","-1,32%"
"27.10.2021","64,50","64,50","65,58","63,52","6,32K","0,00%"
"26.10.2021","64,50","64,84","64,88","63,60","9,40K","-1,00%"
"25.10.2021","65,15","63,65","65,61","63,65","13,97K","2,36%"
"22.10.2021","63,65","64,50","64,69","62,00","27,49K","-1,85%"
"21.10.2021","64,85","66,00","66,99","64,00","12,17K","-2,77%"
"20.10.2021","66,70","67,17","67,70","66,38","9,83K","0,53%"
"19.10.2021","66,35","68,39","68,39","66,20","7,84K","-3,00%"
"18.10.2021","68,40","68,04","68,85","66,77","7,14K","0,53%"
"15.10.2021","68,04","66,20","68,20","66,20","4,67K","1,25%"
"14.10.2021","67,20","67,22","67,91","66,97","5,54K","-0,03%"
"13.10.2021","67,22","66,39","67,70","66,39","8,17K","1,23%"
"11.10.2021","66,40","66,43","67,32","66,32","7,57K","0,08%"
"08.10.2021","66,35","65,50","67,13","65,26","12,38K","2,47%"
"07.10.2021","64,75","65,02","65,50","64,75","19,69K","-0,31%"
"06.10.2021","64,95","64,98","65,23","63,94","34,91K","-0,46%"
"05.10.2021","65,25","65,20","65,83","64,90","12,53K","0,08%"
"04.10.2021","65,20","66,73","67,45","64,41","7,54K","-2,31%"
"01.10.2021","66,74","66,00","66,86","65,62","6,54K","1,55%"
"30.09.2021","65,72","66,38","66,38","65,50","4,72K","0,06%"
"29.09.2021","65,68","65,57","66,52","65,57","9,60K","0,52%"
"28.09.2021","65,34","66,91","67,04","65,34","7,21K","-2,36%"
"27.09.2021","66,92","66,90","67,50","66,41","16,82K","0,77%"
"24.09.2021","66,41","66,39","66,84","66,21","2,93K","-0,43%"
"23.09.2021","66,70","65,88","67,13","65,88","8,70K","1,26%"
"22.09.2021","65,87","65,04","66,55","65,04","10,39K","1,34%"
"21.09.2021","65,00","64,81","65,90","64,49","15,19K","0,87%"
"20.09.2021","64,44","65,00","65,39","63,95","37,43K","-1,47%"
"17.09.2021","65,40","66,26","66,49","65,37","8,11K","-1,30%"
"16.09.2021","66,26","66,89","66,89","65,99","46,15K","-0,94%"
"15.09.2021","66,89","67,02","67,50","66,52","3,27K","-0,19%"
"14.09.2021","67,02","66,95","67,85","66,94","13,85K","0,10%"
"13.09.2021","66,95","65,51","67,51","65,51","6,60K","1,59%"
"10.09.2021","65,90","66,33","67,00","65,86","10,66K","-0,63%"
"09.09.2021","66,32","65,78","66,32","64,41","46,67K","2,50%"
"08.09.2021","64,70","67,48","68,30","64,70","14,51K","-4,12%"
"06.09.2021","67,48","67,00","67,91","66,58","8,94K","0,52%"
"03.09.2021","67,13","68,15","68,79","66,96","11,26K","-0,44%"
"02.09.2021","67,43","69,41","69,85","67,43","12,88K","-2,80%"
"01.09.2021","69,37","68,31","69,70","68,31","11,36K","1,66%"
"31.08.2021","68,24","68,55","69,30","68,00","11,47K","-0,45%"
"30.08.2021","68,55","68,52","69,15","68,51","16,20K","-0,49%"
"27.08.2021","68,89","68,09","69,18","67,97","7,02K","1,50%"
"26.08.2021","67,87","69,24","69,90","67,87","11,93K","-1,89%"
"25.08.2021","69,18","68,85","69,24","68,50","7,33K","0,55%"
"24.08.2021","68,80","67,77","69,10","67,20","10,38K","2,53%"
"23.08.2021","67,10","67,55","68,95","67,09","13,25K","-0,67%"
"20.08.2021","67,55","66,95","67,82","66,44","40,88K","1,24%"
"19.08.2021","66,72","66,80","67,04","65,80","10,46K","0,03%"
"18.08.2021","66,70","66,54","67,90","66,28","13,49K","0,23%"
"17.08.2021","66,55","67,21","67,51","65,81","21,31K","-0,98%"
"16.08.2021","67,21","67,80","68,29","67,17","10,96K","-1,09%"
"13.08.2021","67,95","68,36","68,70","67,73","5,88K","0,22%"
"12.08.2021","67,80","68,80","68,83","67,80","24,43K","-1,25%"
"11.08.2021","68,66","69,20","69,35","68,23","8,69K","-0,06%"
"10.08.2021","68,70","70,00","70,00","68,70","7,05K","-1,69%"
"09.08.2021","69,88","69,00","69,90","69,00","4,46K","1,28%"
"06.08.2021","69,00","68,49","69,56","68,49","21,72K","1,01%"
"05.08.2021","68,31","69,41","70,02","68,31","9,58K","-1,03%"
"04.08.2021","69,02","69,85","70,06","68,91","12,23K","-1,51%"
"03.08.2021","70,08","69,63","70,08","68,78","4,21K","0,63%"
"02.08.2021","69,64","69,60","70,66","69,40","58,26K","1,22%"
"30.07.2021","68,80","70,08","70,25","68,80","14,39K","-1,84%"
"29.07.2021","70,09","70,45","70,95","69,96","16,46K","-0,13%"
"28.07.2021","70,18","69,47","70,53","69,42","11,61K","1,02%"
"27.07.2021","69,47","69,72","70,15","69,37","4,83K","-0,36%"
"26.07.2021","69,72","70,00","70,43","69,50","4,38K","0,20%"
"23.07.2021","69,58","70,20","71,20","69,58","11,29K","-0,91%"
"22.07.2021","70,22","70,20","70,62","69,93","6,99K","-0,09%"
"21.07.2021","70,28","69,93","70,43","69,93","645,10K","0,50%"
"20.07.2021","69,93","69,91","70,30","69,50","17,35K","0,65%"
"19.07.2021","69,48","69,64","69,99","69,27","5,22K","-0,94%"
"16.07.2021","70,14","71,10","71,85","70,14","4,94K","-0,78%"
"15.07.2021","70,69","71,10","71,75","70,15","4,79K","-0,58%"
"14.07.2021","71,10","71,25","71,67","70,96","16,59K","0,47%"
"13.07.2021","70,77","70,95","71,16","70,13","12,02K","-0,11%"
"12.07.2021","70,85","70,00","71,02","69,64","18,43K","1,74%"
"08.07.2021","69,64","70,28","70,34","69,01","5,38K","-1,21%"
"07.07.2021","70,49","70,02","70,97","69,85","3,64K","0,67%"
"06.07.2021","70,02","71,22","71,22","70,00","12,89K","-1,73%"
"05.07.2021","71,25","70,75","71,35","70,15","5,49K","0,71%"
"02.07.2021","70,75","70,04","71,14","69,73","6,18K","1,06%"
"01.07.2021","70,01","70,32","70,99","69,70","4,66K","-0,44%"
"30.06.2021","70,32","70,30","70,60","69,83","4,43K","-0,11%"
"29.06.2021","70,40","70,70","71,23","69,86","28,36K","-0,49%"
"28.06.2021","70,75","70,90","71,33","70,46","26,25K","-0,21%"
"25.06.2021","70,90","72,06","72,50","70,57","12,64K","-1,61%"
"24.06.2021","72,06","71,90","72,60","71,89","6,75K","0,24%"
"23.06.2021","71,89","72,19","72,72","71,84","4,89K","-0,65%"
"22.06.2021","72,36","72,76","72,99","72,00","5,00K","-0,55%"
"21.06.2021","72,76","72,47","73,20","72,01","16,90K","0,40%"
"18.06.2021","72,47","72,51","72,79","72,29","13,32K","-0,15%"
"17.06.2021","72,58","73,58","73,61","72,47","10,65K","-0,30%"
"16.06.2021","72,80","73,68","73,95","72,80","30,10K","-1,01%"
"15.06.2021","73,54","73,95","73,95","73,30","7,29K","-0,11%"
"14.06.2021","73,62","73,65","73,95","73,50","39,19K","-0,50%"
"11.06.2021","73,99","74,03","74,35","72,50","15,07K","0,24%"
"10.06.2021","73,81","73,75","74,30","73,64","23,28K","0,19%"
"09.06.2021","73,67","74,06","74,60","73,67","17,80K","-0,24%"
"08.06.2021","73,85","74,70","74,95","73,83","24,17K","-0,75%"
"07.06.2021","74,41","74,18","74,89","74,00","28,05K","0,32%"
"04.06.2021","74,17","73,74","74,44","73,74","14,66K","0,58%"